,name_last,name_first,key_mlbam,key_retro,key_bbref,key_fangraphs,mlb_played_first,mlb_played_last
0,verlander,justin,434378,verlj001,verlaju01,8700,2005.0,2023.0
1,scherzer,max,453286,schem001,scherma01,3137,2008.0,2023.0
2,judge,aaron,592450,judga001,judgeaa01,15640,2016.0,2023.0
3,rendon,anthony,543685,renda001,rendoan01,12861,2013.0,2023.0
4,trout,mike,545361,troum001,troutmi01,10155,2011.0,2023.0
5,cole,gerrit,543037,coleg001,colege01,13125,2013.0,2023.0
6,seager,corey,608369,seagc001,seageco01,13624,2015.0,2023.0
7,correa,carlos,621043,corrc001,correca01,14162,2015.0,2023.0
8,arenado,nolan,571448,arenn001,arenano01,9777,2013.0,2023.0
9,strasburg,stephen,544931,stras001,strasst01,10131,2010.0,2022.0
10,lindor,francisco,596019,lindf001,lindofr01,12916,2015.0,2023.0
11,cabrera,miguel,408234,cabrm001,cabremi01,1744,2003.0,2023.0
12,stanton,giancarlo,519317,stanm004,stantmi03,4949,2010.0,2023.0
13,bregman,alex,608324,brega001,bregmal01,17678,2016.0,2023.0
14,degrom,jacob,594798,degrj001,degroja01,10954,2014.0,2023.0
15,ohtani,shohei,660271,ohtas001,ohtansh01,19755,2018.0,2023.0
16,altuve,josé,514888,altuj001,altuvjo01,5417,2011.0,2023.0
17,bryant,kris,592178,bryak001,bryankr01,15429,2015.0,2023.0
18,harper,bryce,547180,harpb003,harpebr03,11579,2012.0,2023.0
19,turner,trea,607208,turnt001,turnetr01,16252,2015.0,2023.0
20,semien,marcus,543760,semim001,semiema01,12533,2013.0,2023.0
21,bogaerts,xander,593428,bogax001,bogaexa01,12161,2013.0,2023.0
22,goldschmidt,paul,502671,goldp001,goldspa01,9218,2011.0,2023.0
23,freeman,freddie,518692,freef001,freemfr01,5361,2010.0,2023.0
24,votto,joey,458015,vottj001,vottojo01,4314,2007.0,2023.0
25,darvish,yu,506433,darvy001,darviyu01,13074,2012.0,2023.0
26,stroman,marcus,573186,strom001,stromma01,13431,2014.0,2023.0
27,wheeler,zack,554430,wheez001,wheelza01,10310,2013.0,2023.0
28,corbin,patrick,571578,corbp001,corbipa01,9323,2012.0,2023.0
29,yelich,christian,592885,yelic001,yelicch01,11477,2013.0,2023.0
30,springer,george,543807,sprig001,springe01,12856,2014.0,2023.0
31,realmuto,j. t.,592663,realj001,realmjt01,11739,2014.0,2023.0
32,soto,juan,665742,sotoj001,sotoju01,20123,2018.0,2023.0
33,rodón,carlos,607074,rodoc001,rodonca01,16137,2015.0,2023.0
34,heyward,jason,518792,heywj001,heywaja01,4940,2010.0,2023.0
35,báez,javier,595879,baezj001,baezja01,12979,2014.0,2023.0
36,bumgarner,madison,518516,bumgm001,bumgama01,5524,2009.0,2023.0
37,donaldson,josh,518626,donaj001,donaljo02,5038,2010.0,2023.0
38,sale,chris,519242,salec001,salech01,10603,2010.0,2023.0
39,mikolas,miles,571945,mikom001,mikolmi01,9803,2012.0,2023.0
40,betts,mookie,605141,bettm001,bettsmo01,13611,2014.0,2023.0
41,machado,manny,592518,machm001,machama01,11493,2012.0,2023.0
42,gausman,kevin,592332,gausk001,gausmke01,14107,2013.0,2023.0
43,ray,robbie,592662,ray-r002,rayro02,11486,2014.0,2023.0
44,olson,matt,621566,olsom001,olsonma02,14344,2016.0,2023.0
45,marte,starling,516782,marts002,martest01,9241,2012.0,2023.0
46,kershaw,clayton,477132,kersc001,kershcl01,2036,2008.0,2023.0
47,morton,charlie,119424,mortc101,mortoch01,1009231,1882.0,1885.0
48,pérez,salvador,521692,peres002,perezsa02,7304,2011.0,2023.0
49,ryu,hyun jin,547943,ryu-h001,ryuhy01,14444,2013.0,2023.0
50,castellanos,nick,592206,castn001,casteni01,11737,2013.0,2023.0
51,schwarber,kyle,656941,schwk001,schwaky01,16478,2015.0,2023.0
52,story,trevor,596115,stort001,storytr01,12564,2016.0,2023.0
53,musgrove,joe,605397,musgj001,musgrjo01,12970,2016.0,2023.0
54,perez,marty,120410,perem101,perezma01,1010182,1969.0,1978.0
55,pederson,joc,592626,pedej001,pederjo01,11899,2014.0,2023.0
56,abreu,joe,110030,abrej101,abreujo01,1000028,1942.0,1942.0
57,bassitt,chris,605135,bassc001,bassich01,12304,2014.0,2023.0
58,díaz,edwin,621242,diaze006,diazed04,14710,2016.0,2022.0
59,lynn,lance,458681,lynnl001,lynnla01,2520,2011.0,2023.0
60,nimmo,brandon,607043,nimmb001,nimmobr01,12927,2016.0,2023.0
61,grandal,yasmani,518735,grany001,grandya01,11368,2012.0,2023.0
62,moustakas,mike,519058,mousm001,moustmi01,4892,2011.0,2023.0
63,ozuna,marcell,542303,ozunm001,ozunama01,10324,2013.0,2023.0
64,walker,taijuan,592836,walkt004,walketa01,11836,2013.0,2023.0
65,conforto,michael,624424,confm001,confomi01,16376,2015.0,2023.0
66,suzuki,seiya,673548,suzus001,suzukse01,30116,2022.0,2023.0
67,moncada,yoán,660162,moncy001,moncayo01,17232,2016.0,2023.0
68,devers,rafael,646240,dever001,deverra01,17350,2017.0,2023.0
69,eovaldi,nathan,543135,eovan001,eovalna01,9132,2011.0,2023.0
70,rizzo,anthony,519203,rizza001,rizzoan01,3473,2011.0,2023.0
71,acuña,ronald,660670,acunr001,acunaro01,18401,2018.0,2023.0
72,snell,blake,605483,snelb001,snellbl01,13543,2016.0,2023.0
73,bell,josh,458679,bellj004,belljo01,2510,2010.0,2012.0
74,nola,aaron,605400,nolaa001,nolaaa01,16149,2015.0,2023.0
75,jansen,kenley,445276,jansk001,janseke01,3096,2010.0,2023.0
76,crawford,brandon,543063,crawb001,crawfbr01,5343,2011.0,2023.0
77,iglesias,raisel,628452,igler001,iglesra01,17130,2015.0,2023.0
78,barrios,jose,110624,barrj102,barrijo01,1000604,1982.0,1982.0
79,mccullers,lance,118617,mccul001,mcculla01,1008436,1985.0,1992.0
80,yoshida,masataka,807799,yoshm002,yoshima02,31837,2023.0,2023.0
81,márquez,germán,608566,marqg001,marquge01,15038,2016.0,2023.0
82,buxton,byron,621439,buxtb001,buxtoby01,14161,2015.0,2023.0
83,lemahieu,dj,518934,lemad001,lemahdj01,9874,2011.0,2023.0
84,blackmon,charlie,453568,blacc001,blackch02,7859,2011.0,2023.0
85,soler,jorge,624585,solej001,solerjo01,14221,2014.0,2023.0
86,gray,jon,592351,grayj003,grayjo02,14916,2015.0,2023.0
87,taylor,chris,621035,taylc001,tayloch03,13757,2014.0,2023.0
88,severino,luis,622663,sevel001,severlu01,15890,2015.0,2023.0
89,riley,austin,663586,rilea001,rileyau01,18360,2019.0,2023.0
90,senga,kodai,673540,sengk001,sengako01,31838,2023.0,2023.0
91,wainwright,adam,425794,waina001,wainwad01,2233,2005.0,2023.0
92,hendricks,kyle,543294,hendk001,hendrky01,12049,2014.0,2023.0
93,alonso,pete,624413,alonp001,alonspe01,19251,2019.0,2023.0
94,guerrero,vladimir,665489,guerv002,guerrvl02,19611,2019.0,2023.0
95,hendriks,liam,521230,hendl001,hendrli01,3548,2011.0,2023.0
96,urías,julio,628711,uriaj001,uriasju01,14765,2016.0,2023.0
97,hader,josh,623352,hadej001,haderjo01,14212,2017.0,2023.0
98,carrasco,carlos,471911,carrc003,carraca01,6632,2009.0,2023.0
99,pressly,ryan,519151,presr001,pressry01,7005,2013.0,2023.0
100,ramírez,josé,542432,ramij004,ramirjo02,10171,2014.0,2018.0
101,rodríguez,eduardo,593958,rodre004,rodried05,13164,2015.0,2023.0
102,taillon,jameson,592791,tailj001,taillja01,11674,2016.0,2023.0
103,swanson,dansby,621020,swand001,swansda01,18314,2016.0,2023.0
104,hernández,teoscar,606192,hernt002,hernate01,13066,2016.0,2023.0
105,muncy,max,571970,muncm001,muncyma01,13301,2015.0,2023.0
106,fried,max,608331,friem001,friedma01,13743,2017.0,2023.0
107,gray,sonny,543243,grays001,grayso01,12768,2013.0,2023.0
108,hosmer,eric,543333,hosme001,hosmeer01,3516,2011.0,2023.0
109,quintana,josé,500779,quinj001,quintjo01,11423,2012.0,2023.0
110,syndergaard,noah,592789,syndn001,syndeno01,11762,2015.0,2023.0
111,anderson,tyler,542881,andet002,anderty01,12880,2016.0,2023.0
112,wood,alex,622072,wooda002,woodal02,13781,2013.0,2023.0
113,odorizzi,jake,543606,odorj001,odorija01,6397,2012.0,2022.0
114,manaea,sean,640455,manas001,manaese01,15873,2016.0,2023.0
115,anderson,tim,641313,andet001,anderti01,15172,2016.0,2023.0
116,stripling,ross,548389,strir001,stripro01,13273,2016.0,2023.0
117,bellinger,cody,641355,bellc002,bellico01,15998,2017.0,2023.0
118,chapman,matt,656305,chapm001,chapmma01,16505,2017.0,2023.0
119,mccann,james,543510,mccaj001,mccanja02,12859,2014.0,2023.0
120,brantley,michael,488726,branm003,brantmi02,4106,2009.0,2023.0
121,garcía,avisaíl,541645,garca003,garciav01,5760,2012.0,2023.0
122,desclafani,anthony,543101,desca001,desclan01,13050,2014.0,2023.0
123,heaney,andrew,571760,heana001,heanean01,15423,2014.0,2023.0
124,hoskins,rhys,656555,hoskr001,hoskirh01,16472,2017.0,2022.0
125,renfroe,hunter,592669,renfh001,renfrhu01,15464,2016.0,2023.0
126,marte,ketel,606466,martk001,marteke01,13613,2015.0,2023.0
127,la stella,tommy,600303,lastt001,lasteto01,12371,2014.0,2023.0
128,canha,mark,592192,canhm001,canhama01,11445,2015.0,2023.0
129,montero,rafael,606160,montr004,montera01,12760,2014.0,2023.0
130,castillo,luis,112116,castl001,castilu01,513,1996.0,2010.0
131,suárez,eugenio,553993,suare001,suareeu01,12552,2014.0,2023.0
132,gallo,joey,608336,gallj002,gallojo01,14128,2015.0,2023.0
133,eflin,zach,621107,efliz001,eflinza01,13774,2016.0,2023.0
134,crawford,j. p.,641487,crawj002,crawfjp01,15491,2017.0,2023.0
135,happ,ian,664023,happi001,happia01,17919,2017.0,2023.0
136,woodruff,brandon,605540,woodb005,woodrbr01,16162,2017.0,2023.0
137,hicks,aaron,543305,hicka001,hicksaa01,5297,2013.0,2023.0
138,matz,steven,571927,matzs001,matzst01,13361,2015.0,2023.0
139,freeland,kyle,607536,freek001,freelky01,16256,2017.0,2023.0
140,giolito,lucas,608337,gioll001,giolilu01,15474,2016.0,2023.0
141,ahmed,nick,605113,ahmen001,ahmedni01,12147,2014.0,2023.0
142,grichuk,randal,545341,gricr001,grichra01,10243,2014.0,2023.0
143,jiménez,eloy,650391,jimee001,jimenel02,17484,2019.0,2023.0
144,bieber,shane,669456,biebs001,biebesh01,19427,2018.0,2023.0
145,burnes,corbin,669203,burnc002,burneco01,19361,2018.0,2023.0
146,robertson,david,502085,robed002,roberda08,8241,2008.0,2023.0
147,kimbrel,craig,518886,kimbc001,kimbrcr01,6655,2010.0,2023.0
148,martinez,j. d.,502110,martj006,martijd02,6184,2011.0,2023.0
149,kluber,corey,446372,klubc001,klubeco01,2429,2011.0,2023.0
150,pomeranz,drew,519141,pomed001,pomerdr01,11426,2011.0,2021.0
151,wong,kolten,543939,wongk001,wongko01,12532,2013.0,2023.0
152,gibson,kyle,502043,gibsk002,gibsoky01,10123,2013.0,2023.0
153,hernandez,nick,663321,hernn001,hernani01,19281,2023.0,2023.0
154,vázquez,christian,543877,vazqc001,vazquch01,9774,2014.0,2023.0
155,boyd,matt,571510,boydm001,boydma01,15440,2015.0,2023.0
156,contreras,willson,575929,contw001,contrwi01,11609,2016.0,2023.0
157,montgomery,jordan,656756,montj004,montgjo01,16511,2017.0,2023.0
158,martínez,nick,607259,martn002,martini01,12730,2014.0,2023.0
159,kikuchi,yusei,579328,kikuy001,kikucyu01,20633,2019.0,2023.0
160,hayes,ke'bryan,663647,hayek001,hayeske01,18577,2020.0,2023.0
161,suarez,robert,663158,suarr002,suarero01,30115,2022.0,2023.0
162,torres,gleyber,650402,torrg001,torregl01,16997,2018.0,2023.0
163,escobar,eduardo,500871,escoe001,escobed01,6153,2011.0,2023.0
164,bard,daniel,453268,bardd001,bardda01,7115,2009.0,2023.0
165,robert,luis,673357,robel002,roberlu01,20043,2020.0,2023.0
166,belt,brandon,474832,beltb001,beltbr01,10264,2011.0,2023.0
167,dejong,paul,657557,dejop001,dejonpa01,18015,2017.0,2023.0
168,cobb,alex,502171,cobba001,cobbal01,6562,2011.0,2023.0
169,kelly,joe,116950,kellj102,kellyjo03,1006804,1914.0,1919.0
170,kiermaier,kevin,595281,kierk001,kiermke01,11038,2013.0,2023.0
171,rosario,eddie,592696,rosae001,rosared01,12155,2015.0,2023.0
172,rogers,taylor,573124,roget001,rogerta01,13449,2016.0,2023.0
173,mcmahon,ryan,641857,mcmar001,mcmahry01,15112,2017.0,2023.0
174,adames,willy,642715,adamw002,adamewi01,15986,2018.0,2023.0
175,benintendi,andrew,643217,benia002,beninan01,17901,2016.0,2023.0
176,greinke,zack,425844,greiz001,greinza01,1943,2004.0,2023.0
177,lyles,jordan,543475,lylej001,lylesjo01,7593,2011.0,2023.0
178,lorenzen,michael,547179,lorem002,lorenmi01,14843,2015.0,2023.0
179,kepler,max,596146,keplm001,keplema01,12144,2015.0,2023.0
180,drury,brandon,592273,drurb001,drurybr01,11615,2015.0,2023.0
181,kelly,merrill,518876,kellm002,kellyme01,11156,2019.0,2023.0
182,urshela,gio,570482,urshg001,urshegi01,10681,2015.0,2023.0
183,barnes,matt,598264,barnm001,barnema01,12863,2014.0,2023.0
184,turner,justin,457759,turnj001,turneju01,5235,2009.0,2023.0
185,winker,jesse,608385,winkj002,winkeje01,13590,2017.0,2023.0
186,buehler,walker,621111,buehw001,buehlwa01,19374,2017.0,2022.0
187,hill,rich,448179,hillr001,hillri01,4806,2005.0,2023.0
188,smyly,drew,592767,smyld001,smylydr01,11760,2012.0,2023.0
189,d'arnaud,travis,518595,darnt001,darnatr01,7739,2013.0,2023.0
190,treinen,blake,595014,treib001,treinbl01,12572,2014.0,2022.0
191,graveman,kendall,608665,gravk001,graveke01,15514,2014.0,2023.0
192,neris,héctor,593576,nerih001,nerishe01,11804,2014.0,2023.0
193,narváez,omar,553882,narvo001,narvaom01,13338,2016.0,2023.0
194,frazier,adam,624428,fraza001,fraziad01,15223,2016.0,2023.0
195,haniger,mitch,571745,hanim001,hanigmi01,14274,2016.0,2023.0
196,clevinger,mike,605182,clevm001,clevimi01,12808,2016.0,2023.0
197,martin,chris,455119,martc007,martich02,11847,2014.0,2023.0
198,flexen,chris,623167,flexc001,flexech01,13896,2017.0,2023.0
199,álvarez,yordan,670541,alvay001,alvaryo01,19556,2019.0,2023.0
200,rosario,amed,642708,rosaa003,rosaram01,15518,2017.0,2023.0
201,profar,jurickson,595777,profj001,profaju01,10815,2012.0,2023.0
202,moore,matt,519043,moorm003,moorema02,1890,2011.0,2023.0
203,loup,aaron,571901,loupa001,loupaa01,10343,2012.0,2023.0
204,wacha,michael,608379,wachm001,wachami01,14078,2013.0,2023.0
205,schoop,jonathan,570731,schoj001,schoojo01,11265,2013.0,2023.0
206,cron,c. j.,543068,cronc002,croncj01,12546,2014.0,2023.0
207,lugo,seth,607625,lugos001,lugose01,12447,2016.0,2023.0
208,strahm,matt,621381,stram001,strahma01,13799,2016.0,2023.0
209,polanco,jorge,593871,polaj001,polanjo01,13152,2014.0,2023.0
210,dozier,hunter,641531,dozih001,doziehu01,15117,2016.0,2023.0
211,mahle,tyler,641816,mahlt001,mahlety01,16358,2017.0,2023.0
212,montas,frankie,593423,montf001,montafr02,14309,2015.0,2023.0
213,santander,anthony,623993,santa003,santaan02,14551,2017.0,2023.0
214,senzatela,antonio,622608,senza001,senzaan01,15488,2017.0,2023.0
215,pollock,aj,572041,polla001,polloaj01,9256,2012.0,2023.0
216,may,trevor,543507,may-t001,maytr01,6398,2014.0,2023.0
217,tepera,ryan,572193,teper001,teperry01,10291,2015.0,2023.0
218,duvall,adam,594807,duvaa001,duvalad01,10950,2014.0,2023.0
219,stassi,max,545358,stasm001,stassma01,10059,2013.0,2022.0
220,mancini,trey,641820,manct001,mancitr01,15149,2016.0,2023.0
221,margot,manuel,622534,margm001,margoma01,14712,2016.0,2023.0
222,albies,ozzie,645277,albio001,albieoz01,16556,2017.0,2023.0
223,kim,ha-seong,673490,kim-h002,kimha01,27506,2021.0,2023.0
224,tatís,fernando,665487,tatif002,tatisfe02,19709,2019.0,2023.0
225,valdez,framber,664285,valdf001,valdefr01,17295,2018.0,2023.0
226,merrifield,whit,593160,merrw001,merriwh01,11281,2016.0,2023.0
227,estévez,carlos,608032,estec001,estevca01,14542,2016.0,2023.0
228,gonzales,marco,594835,gonzm005,gonzama02,15467,2014.0,2023.0
229,reynolds,bryan,668804,reynb001,reynobr01,19326,2019.0,2023.0
230,santana,carlos,467793,santc002,santaca01,2396,2010.0,2023.0
231,ottavino,adam,493603,ottaa001,ottavad01,1247,2010.0,2023.0
232,hudson,daniel,543339,hudsd001,hudsoda01,7146,2009.0,2023.0
233,carpenter,matt,572761,carpm002,carpema01,8090,2011.0,2023.0
234,segura,jean,516416,seguj002,segurje01,5933,2012.0,2023.0
235,flores,wilmer,527038,florw001,florewi01,5827,2013.0,2023.0
236,peralta,david,444482,perad001,peralda01,2136,2014.0,2023.0
237,díaz,aledmys,649557,diaza003,diazal02,15937,2016.0,2023.0
238,walker,christian,572233,walkc002,walkech02,13419,2014.0,2023.0
239,alcántara,sandy,645261,alcas001,alcansa01,18684,2017.0,2023.0
240,verdugo,alex,657077,verda001,verdual01,17027,2017.0,2023.0
241,mcneil,jeff,643446,mcnej002,mcneije01,15362,2018.0,2023.0
242,rodríguez,julio,677594,rodrj007,rodriju01,23697,2022.0,2023.0
243,yastrzemski,mike,573262,yastm001,yastrmi01,14854,2019.0,2023.0
244,arráez,luis,650333,arral001,arraelu01,18568,2019.0,2023.0
245,cueto,johnny,456501,cuetj001,cuetojo01,6893,2008.0,2023.0
246,melancon,mark,453343,melam001,melanma01,4264,2009.0,2022.0
247,gomes,yan,543228,gomey001,gomesya01,9627,2012.0,2023.0
248,myers,wil,571976,myerw001,myerswi01,10047,2013.0,2023.0
249,zunino,mike,572287,zunim001,zuninmi01,13265,2013.0,2023.0
250,yates,kirby,489446,yatek001,yateski01,9073,2014.0,2023.0
251,pham,tommy,502054,phamt001,phamth01,2967,2014.0,2023.0
252,leclerc,josé,600917,leclj001,leclejo01,14524,2016.0,2023.0
253,williams,trevor,592866,willt002,willitr01,16977,2016.0,2023.0
254,wendle,joey,621563,wendj002,wendljo01,13853,2016.0,2023.0
255,kiner-falefa,isiah,643396,kinei001,kineris01,16512,2018.0,2023.0
256,díaz,yandy,650490,diazy001,diazya01,16578,2017.0,2023.0
257,fletcher,david,664058,fletd002,fletcda02,17992,2018.0,2023.0
258,gurriel,lourdes,666971,gurrl001,gurrilo01,19238,2018.0,2023.0
259,keller,brad,641745,kellb003,kellebr01,15734,2018.0,2023.0
260,kahnle,tommy,592454,kahnt001,kahnlto01,11384,2014.0,2023.0
261,cease,dylan,656302,ceasd001,ceasedy01,18525,2019.0,2023.0
262,gallen,zac,668678,gallz001,galleza01,19291,2019.0,2023.0
263,farmer,kyle,571657,farmk001,farmeky01,14813,2017.0,2023.0
264,quantrill,cal,615698,quanc001,quantca01,19312,2019.0,2023.0
265,chafin,andrew,605177,chafa001,chafian01,12988,2014.0,2023.0
266,garcía,yimi,554340,garcy001,garciyi01,12095,2014.0,2023.0
267,díaz,elías,553869,diaze005,diazel01,11680,2015.0,2023.0
268,lópez,pablo,641154,lopep002,lopezpa01,17085,2018.0,2023.0
269,flaherty,jack,656427,flahj002,flaheja01,17479,2017.0,2023.0
270,glasnow,tyler,607192,glast001,glasnty01,14374,2016.0,2023.0
271,pivetta,nick,601713,piven001,pivetni01,15454,2017.0,2023.0
272,barlow,scott,605130,barls001,barlosc01,14993,2018.0,2023.0
273,lowe,brandon,664040,loweb001,lowebr01,18882,2018.0,2023.0
274,smith,will,519293,smitw002,smithwi04,8048,2012.0,2023.0
275,bader,harrison,664056,badeh001,baderha01,18030,2017.0,2023.0
276,lauer,eric,641778,lauee001,lauerer01,19316,2018.0,2023.0
277,mccutchen,andrew,457705,mccua001,mccutan01,9847,2009.0,2023.0
278,maldonado,martín,455117,maldm001,maldoma01,6887,2011.0,2023.0
279,mchugh,collin,543521,mchuc001,mchugco01,7531,2012.0,2023.0
280,hedges,austin,595978,hedga001,hedgeau01,12976,2015.0,2023.0
281,lamet,dinelson,659275,lamed001,lametdi01,17186,2017.0,2023.0
282,candelario,jeimer,600869,candj002,candeje01,13621,2016.0,2023.0
283,johnson,pierce,572955,johnp001,johnspi01,13435,2017.0,2023.0
284,tucker,kyle,663656,tuckk001,tuckeky01,18345,2018.0,2023.0
285,harris,michael,671739,harrm004,harrimi04,25931,2022.0,2023.0
286,o'neill,tyler,641933,oneit001,oneilty01,15711,2018.0,2023.0
287,tellez,rowdy,642133,tellr001,tellero01,15679,2018.0,2023.0
288,gallegos,giovanny,606149,gallg001,gallegi01,14986,2017.0,2023.0
289,davies,zach,605200,daviz001,davieza02,13183,2015.0,2023.0
290,urías,luis,649966,urial001,uriaslu01,16622,2018.0,2023.0
291,choi,ji man,596847,choij001,choiji01,5452,2016.0,2023.0
292,webb,logan,657277,webbl001,webblo01,17995,2019.0,2023.0
293,romano,jordan,605447,romaj004,romanjo03,16122,2019.0,2023.0
294,taylor,michael,572191,taylm002,taylomi02,11489,2014.0,2023.0
295,piña,manny,444489,pinam001,pinama01,2829,2011.0,2023.0
296,peterson,jace,607054,petej002,peterja01,12325,2014.0,2023.0
297,raley,brooks,548384,raleb001,raleybr01,10061,2012.0,2023.0
298,meadows,austin,640457,meada001,meadoau01,15672,2018.0,2023.0
299,minter,a. j.,621345,minta001,minteaj01,18655,2017.0,2023.0
300,kelly,carson,608348,kellc002,kellyca02,13620,2016.0,2023.0
301,rojas,miguel,500743,rojam002,rojasmi02,7802,2014.0,2023.0
302,cronenworth,jake,630105,cronj001,croneja01,18036,2020.0,2023.0
303,davis,j. d.,605204,davij006,davisjd01,16219,2017.0,2023.0
304,cooper,garrett,643265,coopg002,coopega03,15279,2017.0,2023.0
305,edman,tommy,669242,edmat001,edmanto01,19470,2019.0,2023.0
306,arozarena,randy,668227,arozr001,arozara01,19290,2019.0,2023.0
307,trivino,lou,642152,trivl001,trivilo01,15043,2018.0,2022.0
308,sewald,paul,623149,sewap001,sewalpa01,13892,2017.0,2023.0
309,france,ty,664034,frant002,francty01,17982,2019.0,2023.0
310,mullins,cedric,656775,mullc002,mullice01,17929,2018.0,2023.0
311,lowe,nathaniel,663993,lowen001,lowena01,19566,2019.0,2023.0
312,longoria,evan,446334,longe001,longoev01,9368,2008.0,2023.0
313,miller,brad,543543,millb002,millebr02,12775,2013.0,2023.0
314,paxton,james,572020,paxtj001,paxtoja01,11828,2013.0,2023.0
315,fulmer,michael,605242,fulmm001,fulmemi01,13218,2016.0,2023.0
316,springs,jeffrey,605488,sprij001,sprinje01,17677,2018.0,2023.0
317,murphy,sean,669221,murps001,murphse01,19352,2019.0,2023.0
318,bichette,bo,666182,bichb001,bichebo01,19612,2019.0,2023.0
319,soto,gregory,642397,sotog003,sotogr01,19677,2019.0,2023.0
320,floro,dylan,571670,flord002,florody01,13394,2016.0,2023.0
321,garver,mitch,641598,garvm001,garvemi01,15161,2017.0,2023.0
322,chapman,aroldis,547973,chapa001,chapmar01,10233,2010.0,2023.0
323,garcia,luis,150193,garcl002,garcilu01,1004504,1999.0,1999.0
324,bummer,aaron,607481,bumma001,bummeaa01,16258,2017.0,2023.0
325,peralta,freddy,642547,peraf001,peralfr01,18679,2018.0,2023.0
326,kemp,tony,643393,kempt001,kempto01,14894,2016.0,2023.0
327,lopez,nicky,670032,lopen001,lopezni01,19339,2019.0,2023.0
328,fairbanks,pete,664126,fairp001,fairbpe01,17998,2019.0,2023.0
329,lópez,reynaldo,625643,loper003,lopezre01,16400,2016.0,2023.0
330,stanek,ryne,592773,stanr002,stanery01,15947,2017.0,2023.0
331,houser,adrian,605288,housa001,housead01,12718,2015.0,2023.0
332,laureano,ramón,657656,laurr001,laurera01,17128,2018.0,2023.0
333,lópez,jorge,605347,lopej004,lopezjo02,14527,2015.0,2023.0
334,miley,wade,489119,milew001,mileywa01,8779,2011.0,2023.0
335,diekman,jake,518617,diekj001,diekmja01,5003,2012.0,2023.0
336,barnes,austin,605131,barna001,barneau01,12158,2015.0,2023.0
337,castro,miguel,612434,castm002,castrmi01,15684,2015.0,2023.0
338,bleier,richard,542947,bleir001,bleieri01,7803,2016.0,2023.0
339,pagán,emilio,641941,pagae001,paganem01,14771,2017.0,2023.0
340,anderson,brian,605119,andeb006,anderbr06,18289,2017.0,2023.0
341,jansen,danny,643376,jansd001,janseda01,16535,2018.0,2023.0
342,alvarado,josé,621237,alvaj004,alvarjo03,17780,2017.0,2023.0
343,javier,cristian,664299,javic001,javiecr01,17606,2020.0,2023.0
344,peralta,wandy,593974,peraw002,peralwa01,14295,2016.0,2023.0
345,stallings,jacob,607732,stalj001,stallja01,13723,2016.0,2023.0
346,naylor,josh,647304,naylj001,naylojo01,18839,2019.0,2023.0
347,williams,devin,642207,willd004,willide03,15816,2019.0,2023.0
348,holmes,clay,605280,holmc001,holmecl01,13649,2018.0,2023.0
349,barnhart,tucker,571466,barnt001,barnhtu01,10200,2014.0,2023.0
350,gonsolin,tony,664062,gonst001,gonsoto01,19388,2019.0,2023.0
351,fujinami,shintaro,660261,fujis001,fujinsh01,31839,2023.0,2023.0
352,slater,austin,596103,slata001,slateau01,16153,2017.0,2023.0
353,cortés,néstor,641482,cortn001,cortene01,17874,2018.0,2023.0
354,hays,austin,669720,haysa001,haysau01,19363,2017.0,2023.0
355,grisham,trent,663757,grist001,grishtr01,18564,2019.0,2023.0
356,velasquez,vince,592826,velav001,velasvi01,11189,2015.0,2023.0
357,cimber,adam,643256,cimba001,cimbead01,15288,2018.0,2023.0
358,maeda,kenta,628317,maedk001,maedake01,18498,2016.0,2023.0
359,varsho,daulton,662139,varsd001,varshda01,19918,2020.0,2023.0
360,mondesí,adalberto,609275,mondr003,mondera02,13769,2016.0,2022.0
361,urquidy,josé,664353,urquj001,urquijo01,18413,2019.0,2023.0
362,andrus,elvis,462101,andre001,andruel01,8709,2009.0,2023.0
363,pillar,kevin,607680,pillk001,pillake01,12434,2013.0,2023.0
364,bass,anthony,542914,bassa001,bassan01,7982,2011.0,2023.0
365,givens,mychal,571710,givem001,givenmy01,10430,2015.0,2023.0
366,ureña,josé,570632,urenj001,urenajo01,11589,2015.0,2023.0
367,aguilar,jesús,542583,aguij001,aguilje01,11342,2014.0,2023.0
368,jackson,luke,592426,jackl001,jackslu01,11752,2015.0,2023.0
369,suter,brent,608718,suteb001,suterbr01,13942,2016.0,2023.0
370,yarbrough,ryan,642232,yarbr001,yarbrry01,16502,2018.0,2023.0
371,verhagen,drew,572403,verhd001,verhadr01,13424,2014.0,2023.0
372,white,evan,657108,white005,whiteev01,20078,2020.0,2021.0
373,rucinski,drew,607968,rucid001,rucindr01,12499,2014.0,2023.0
374,ruf,darin,573131,ruf-d001,rufda01,9929,2012.0,2023.0
375,means,john,607644,meanj001,meansjo01,16269,2018.0,2023.0
376,castillo,diego,660636,castd004,castidi02,19906,2022.0,2023.0
377,suárez,ranger,624133,suarr001,suarera01,17277,2018.0,2023.0
378,plesac,zach,668676,plesz001,plesaza01,19979,2019.0,2023.0
379,singer,brady,663903,singb001,singebr01,25377,2020.0,2023.0
380,straw,myles,664702,stram002,strawmy01,17620,2018.0,2023.0
381,scott,tanner,656945,scott003,scottta01,17586,2017.0,2023.0
382,stratton,chris,608717,strac001,stratch01,13761,2016.0,2023.0
383,caratini,víctor,605170,carav001,caratvi01,14968,2017.0,2023.0
384,junis,jakob,596001,junij001,junisja01,13619,2017.0,2023.0
385,soroka,michael,647336,sorom001,sorokmi01,18383,2018.0,2023.0
386,biggio,cavan,624415,biggc002,biggica01,19252,2019.0,2023.0
387,jimenez,jobel,-1,jimej801,,-1,,
388,ward,taylor,621493,wardt002,wardta01,17548,2018.0,2023.0
389,sandoval,patrick,663776,sandp002,sandopa02,19447,2019.0,2023.0
390,rodgers,brendan,663898,rodgb002,rodgebr02,17907,2019.0,2023.0
391,newman,kevin,621028,newmk001,newmake01,17696,2018.0,2023.0
392,cessa,luis,570666,cessl001,cessalu01,13345,2016.0,2023.0
393,garrett,amir,607237,garra001,garream01,14375,2017.0,2023.0
394,hudson,dakota,641712,hudsd002,hudsoda02,19206,2018.0,2023.0
395,walsh,jared,665120,walsj001,walshja01,18607,2019.0,2023.0
396,germán,domingo,593334,germd001,germado01,17149,2017.0,2023.0
397,civale,aaron,650644,civaa001,civalaa01,19479,2019.0,2023.0
398,rojas,josh,668942,rojaj001,rojasjo01,19734,2019.0,2023.0
399,maton,phil,664208,matop002,matonph01,18064,2017.0,2023.0
400,hoerner,nico,663538,hoern001,hoernni01,21479,2019.0,2023.0
401,pérez,roberto,547379,perer003,perezro02,2900,2014.0,2023.0
402,casali,curt,592200,casac001,casalcu01,12510,2014.0,2023.0
403,garcía,jarlín,606424,garcj006,garcija04,18282,2017.0,2022.0
404,domínguez,seranthony,622554,domis001,dominse01,19249,2018.0,2023.0
405,paddack,chris,663978,paddc001,paddach01,20099,2019.0,2023.0
406,mcgough,scott,543518,mcgos001,mcgousc01,12056,2015.0,2023.0
407,franco,wander,677551,franw002,francwa01,23667,2021.0,2023.0
408,luzardo,jesús,666200,luzaj001,luzarje01,19959,2019.0,2023.0
409,keller,mitch,656605,kellm003,kellemi03,17594,2019.0,2023.0
410,thielbar,caleb,573204,thiec001,thielca01,10078,2013.0,2023.0
411,trevino,jose,624431,trevj001,trevijo01,16725,2018.0,2023.0
412,nola,austin,543592,nolaa002,nolaau01,15941,2019.0,2023.0
413,robles,víctor,645302,roblv001,roblevi01,18363,2017.0,2023.0
414,finnegan,kyle,640448,finnk001,finneky01,15009,2020.0,2023.0
415,arcia,orlando,606115,arcio002,arciaor01,13185,2016.0,2023.0
416,brebbia,john,605154,brebj001,brebbjo01,12777,2017.0,2023.0
417,rengifo,luis,650859,rengl001,rengilu01,19858,2019.0,2023.0
418,cisnero,josé,542585,cisnj001,cisnejo01,6399,2013.0,2023.0
419,brubaker,jt,664141,brubj001,brubajt01,17578,2020.0,2022.0
420,loáisiga,jonathan,642528,loaij001,loaisjo01,19753,2018.0,2023.0
421,kennedy,ian,453178,kenni001,kenneia01,6986,2007.0,2023.0
422,dickerson,corey,572816,dickc002,dickeco01,10762,2013.0,2023.0
423,green,chad,643338,greec003,greench03,15552,2016.0,2023.0
424,edwards,carl,605218,edwac001,edwarca01,13607,2015.0,2023.0
425,estrada,thairo,642731,estrt001,estrath01,16426,2019.0,2023.0
426,ramírez,harold,623912,ramih004,ramirha02,14387,2019.0,2023.0
427,thomas,lane,657041,thoml002,thomala02,16939,2019.0,2023.0
428,bubic,kris,663460,bubik001,bubickr01,21455,2020.0,2023.0
429,mejía,francisco,642336,mejif001,mejiafr01,16403,2017.0,2023.0
430,turnbull,spencer,605513,turns003,turnbsp01,16207,2018.0,2023.0
431,helsley,ryan,664854,helsr001,helslry01,18138,2019.0,2023.0
432,berti,jon,542932,bertj001,bertijo01,12037,2018.0,2023.0
433,mayza,tim,641835,mayzt001,mayzati01,15042,2017.0,2023.0
434,espinal,santiago,669289,espis001,espinsa01,19997,2020.0,2023.0
435,moore,dylan,664238,moord002,mooredy01,18042,2019.0,2023.0
436,kittredge,andrew,552640,kitta001,kittran01,12828,2017.0,2023.0
437,kopech,michael,656629,kopem001,kopecmi01,17282,2018.0,2023.0
438,harrison,josh,543281,harrj002,harrijo05,8202,2011.0,2023.0
439,boxberger,brad,502202,boxbb001,boxbebr01,10133,2012.0,2023.0
440,grossman,robbie,543257,grosr001,grossro01,5254,2013.0,2023.0
441,solano,donovan,456781,solad001,solando01,8623,2012.0,2023.0
442,kuhl,chad,641771,kuhlc001,kuhlch01,14975,2016.0,2023.0
443,weaver,luke,596133,weavl001,weavelu01,16918,2016.0,2023.0
444,brasier,ryan,518489,brasr001,brasiry01,5615,2013.0,2023.0
445,tapia,raimel,606132,tapir001,tapiara01,14350,2016.0,2023.0
446,voit,luke,572228,voitl001,voitlu01,14811,2017.0,2023.0
447,reyes,franmil,614177,reyef001,reyesfr01,14566,2018.0,2023.0
448,smith,dominic,642086,smitd008,smithdo02,15653,2017.0,2023.0
449,arroyo,christian,624414,arroc001,arroych01,16434,2017.0,2023.0
450,mateo,jorge,622761,matej003,mateojo01,17273,2020.0,2023.0
451,senzel,nick,669222,senzn001,senzeni01,19293,2019.0,2023.0
452,blackburn,paul,621112,blacp001,blackpa01,14739,2017.0,2023.0
453,sampson,adrian,592716,sampa001,sampsad01,13339,2016.0,2022.0
454,clase,emmanuel,661403,clase001,claseem01,21032,2019.0,2023.0
455,alexander,tyler,641302,alext001,alexaty01,17735,2019.0,2023.0
456,bush,matt,456713,bushm001,bushma01,1246,2016.0,2023.0
457,hill,tim,657612,hillt002,hillti01,16814,2018.0,2023.0
458,voth,austin,608723,votha001,vothau01,15047,2018.0,2023.0
459,hicks,jordan,663855,hickj002,hicksjo03,19618,2018.0,2023.0
460,castro,willi,650489,castw003,castrwi01,17338,2019.0,2023.0
461,adam,jason,592094,adamj002,adamja01,11861,2018.0,2023.0
462,hunter,tommy,488984,huntt002,hunteto02,1157,2008.0,2023.0
463,stephenson,robert,596112,stepr002,stephro01,13594,2016.0,2023.0
464,farmer,buck,571656,farmb001,farmebu01,14814,2014.0,2023.0
465,muñoz,andrés,662253,munoa002,munozan01,20373,2019.0,2023.0
466,may,dustin,669160,may-d003,maydu01,19716,2019.0,2023.0
467,rogers,tyler,643511,roget002,rogerty01,15541,2019.0,2023.0
468,gomber,austin,596295,gomba001,gombeau01,16561,2018.0,2023.0
469,murphy,tom,119572,murpt101,murphto02,1009376,1968.0,1979.0
470,carroll,corbin,682998,carrc005,carroco02,25878,2022.0,2023.0
471,lewis,kyle,641786,lewik001,lewisky01,19508,2019.0,2023.0
472,nido,tomás,621512,nidot001,nidoto01,13755,2017.0,2023.0
473,hernández,elieser,622694,herne002,hernael01,16933,2018.0,2022.0
474,guillorme,luis,641645,guill001,guilllu01,16451,2018.0,2023.0
475,giménez,andrés,665926,gimea001,gimenan01,19950,2020.0,2023.0
476,luetge,lucas,476595,luetl001,luetglu01,8337,2012.0,2023.0
477,familia,jeurys,544727,famij001,familje01,5114,2012.0,2023.0
478,smith,will,519293,smitw002,smithwi04,8048,2012.0,2023.0
479,hand,brad,543272,handb001,handbr01,9111,2011.0,2023.0
480,duffy,matt,592274,duffm003,duffyma02,12181,2015.0,2016.0
481,miller,shelby,571946,mills001,millesh01,10197,2012.0,2023.0
482,vogelbach,dan,596129,voged001,vogelda01,14130,2016.0,2023.0
483,richards,trevor,670950,richt001,richatr01,19309,2018.0,2023.0
484,almonte,yency,622075,almoy001,almonye01,15068,2018.0,2023.0
485,rainey,tanner,663432,raint003,raineta01,17610,2018.0,2023.0
486,rodríguez,joely,570257,rodrj004,rodrijo06,11487,2016.0,2023.0
487,tate,dillon,622253,tated001,tatedi01,17796,2019.0,2022.0
488,karinchak,james,675916,karij001,karinja01,20151,2019.0,2023.0
489,higashioka,kyle,543309,higak001,higasky01,5517,2017.0,2023.0
490,hearn,taylor,621368,heart001,hearnta01,18325,2019.0,2023.0
491,thompson,trayce,572204,thomt002,thomptr01,9952,2015.0,2023.0
492,luplow,jordan,656669,luplj001,luplojo01,16424,2017.0,2023.0
493,locastro,tim,641796,locat001,locasti01,15124,2017.0,2023.0
494,brosseau,mike,670712,brosm001,brossmi01,19683,2019.0,2023.0
495,dubón,mauricio,643289,dubom001,dubonma01,16530,2019.0,2023.0
496,beeks,jalen,656222,beekj001,beeksja02,17192,2018.0,2023.0
497,wade,lamonte,664774,wadel001,wadela01,18126,2019.0,2023.0
498,ruiz,keibert,660688,ruizk001,ruizke01,19610,2020.0,2023.0
499,bethancourt,christian,542194,bethc001,bethach01,10028,2013.0,2023.0
500,stephan,trevor,663986,stept002,stephtr01,19932,2021.0,2023.0
501,alberto,hanser,593643,albeh001,alberha01,11902,2015.0,2023.0
502,smith,drew,622098,smitd009,smithdr01,17755,2018.0,2023.0
503,castro,harold,605612,casth001,castrha01,14691,2018.0,2023.0
504,tonkin,michael,543859,tonkm001,tonkimi01,10315,2013.0,2023.0
505,phillips,evan,623465,phile001,phillev01,17734,2018.0,2023.0
506,chirinos,yonny,630023,chiry001,chiriyo01,16401,2018.0,2023.0
507,martin,brett,656685,martb002,martibr01,17369,2019.0,2022.0
508,sims,lucas,608371,simsl001,simslu01,13470,2017.0,2023.0
509,lamb,jake,571875,lambj001,lambja01,13329,2014.0,2023.0
510,shreve,chasen,592741,shrec001,shrevch01,10855,2014.0,2023.0
511,gurriel,yuli,493329,gurry001,gourryu01,19198,2016.0,2023.0
512,jankowski,travis,608671,jankt001,jankotr01,13768,2015.0,2023.0
513,dahl,david,621311,dahld001,dahlda01,13744,2016.0,2023.0
514,gallagher,cam,595956,gallc001,gallaca01,12981,2017.0,2023.0
515,swanson,erik,657024,swane001,swanser01,16587,2019.0,2023.0
516,beaty,matt,607461,beatm001,beatyma01,17710,2019.0,2023.0
517,toro,abraham,647351,toroa001,toroab01,19844,2019.0,2023.0
518,whitlock,garrett,676477,whitg002,whitlga01,20191,2021.0,2023.0
519,mcguire,reese,624512,mcgur002,mcguire01,15674,2018.0,2023.0
520,graterol,brusdar,660813,gratb002,gratebr01,20367,2019.0,2023.0
521,madrigal,nick,663611,madrn001,madrini01,20521,2020.0,2023.0
522,chavez,jesse,445926,chavj001,chaveje01,5448,2008.0,2023.0
523,nelson,jimmy,519076,nelsj004,nelsoji02,10547,2013.0,2021.0
524,armstrong,shawn,542888,armss001,armstsh01,12857,2015.0,2023.0
525,gott,trevor,641627,gottt001,gotttr01,15046,2015.0,2023.0
526,refsnyder,rob,608701,refsr001,refsnro01,13770,2015.0,2023.0
527,matzek,tyler,554431,matzt001,matzety01,10058,2014.0,2022.0
528,kinley,tyler,641755,kinlt001,kinlety01,18297,2018.0,2023.0
529,phillips,brett,621433,philb002,phillbr02,14735,2017.0,2023.0
530,torrens,luis,620443,torrl001,torrelu01,15905,2017.0,2023.0
531,ashby,aaron,676879,ashba003,ashbyaa01,23550,2021.0,2022.0
532,maile,luke,571912,maill001,mailelu01,13355,2015.0,2023.0
533,poche,colin,621363,pochc001,pocheco01,19403,2019.0,2023.0
534,alexander,scott,518397,alexs001,alexasc02,10591,2015.0,2023.0
535,lucchesi,joey,664192,luccj001,lucchjo01,19320,2018.0,2023.0
536,clarke,taylor,664199,clart003,clarkta01,17611,2019.0,2023.0
537,young,alex,622065,youna002,youngal01,18333,2019.0,2023.0
538,ferguson,caleb,657571,fergc001,ferguca01,19349,2018.0,2023.0
539,knizner,andrew,668800,kniza001,kniznan01,19514,2019.0,2023.0
540,blach,ty,621389,blact002,blachty01,14361,2016.0,2023.0
541,barría,jaime,642545,barrj003,barrija01,18356,2018.0,2023.0
542,taylor,josh,657031,taylj001,taylojo02,17359,2019.0,2023.0
543,staumont,josh,622251,stauj001,staumjo01,18335,2019.0,2023.0
544,milner,hoby,571948,milnh001,milneho01,13346,2017.0,2023.0
545,underwood,duane,621249,unded001,underdu01,14677,2018.0,2023.0
546,cruz,nelson,112906,cruzn001,cruzne01,554,1997.0,2003.0
547,adrianza,ehire,501303,adrie001,adriaeh01,8418,2013.0,2023.0
548,ramirez,erasmo,285063,ramie001,ramirer01,1699,2003.0,2007.0
549,engel,adam,641553,engea001,engelad01,15082,2017.0,2023.0
550,reyes,alex,621052,reyea004,reyesal02,15015,2016.0,2021.0
551,cordero,franchy,614173,cordf003,cordefr02,14567,2017.0,2023.0
552,coulombe,danny,543056,could001,couloda01,13293,2014.0,2023.0
553,santana,dennis,642701,santd003,santade01,17878,2018.0,2023.0
554,chavis,michael,656308,chavm001,chavimi01,17321,2019.0,2023.0
555,law,derek,571882,law-d001,lawde01,13133,2016.0,2023.0
556,thornton,trent,663423,thort002,thorntr01,17948,2019.0,2023.0
557,wingenter,trey,622259,wingt001,wingetr01,17793,2018.0,2023.0
558,ríos,edwin,621458,riose001,riosed01,18316,2019.0,2023.0
559,thompson,ryan,657044,thomr007,thompry02,16647,2020.0,2023.0
560,mendick,danny,664901,mendd002,mendida01,18889,2019.0,2023.0
561,strider,spencer,675911,stris002,stridsp01,27498,2021.0,2023.0
562,vosler,jason,613564,voslj001,vosleja01,16686,2021.0,2023.0
563,hernández,jonathan,642546,hernj004,hernajo02,17464,2019.0,2023.0
564,vargas,ildemaro,545121,vargi001,vargail01,13324,2017.0,2023.0
565,cave,jake,595909,cavej001,caveja01,14477,2018.0,2023.0
566,cabrera,génesis,650893,cabrg001,cabrege01,17490,2019.0,2023.0
567,sosa,edmundo,624641,sosae001,sosaed01,17022,2018.0,2023.0
568,ruiz,josé,614179,ruizj001,ruizjo01,14552,2017.0,2023.0
569,arano,víctor,644364,aranv001,aranovi01,15915,2017.0,2022.0
570,bradley,jackie,598265,bradj001,bradlja02,12984,2013.0,2023.0
571,dunn,justin,643290,dunnj002,dunnju01,19268,2019.0,2022.0
572,bemboom,anthony,621532,bemba001,bemboan01,13854,2019.0,2023.0
573,anderson,nick,623433,anden001,anderni01,18337,2019.0,2023.0
574,harvey,hunter,640451,harvh001,harvehu01,15507,2019.0,2023.0
575,bellatti,andrew,571479,bella001,bellaan01,10657,2015.0,2023.0
576,wilson,justin,458677,wilsj004,wilsoju10,4301,2012.0,2022.0
577,chargois,j. t.,608638,charj001,chargjt01,13767,2016.0,2023.0
578,canning,griffin,656288,canng001,cannigr01,19867,2019.0,2023.0
579,chang,yu,644374,chany001,changyu01,14773,2019.0,2023.0
580,banda,anthony,607455,banda001,bandaan01,14706,2017.0,2023.0
581,leiter,mark,117653,leitm001,leitema01,1007501,1990.0,2001.0
582,brentz,jake,641394,brenj001,brentja01,17783,2021.0,2022.0
583,taylor,blake,642130,taylb004,taylobl01,16418,2020.0,2022.0
584,sulser,cole,642121,sulsc001,sulseco01,15256,2019.0,2023.0
585,de jong,chase,608328,dejoc001,dejonch01,15036,2017.0,2023.0
586,odor,rougned,596059,odorr001,odorro01,12282,2014.0,2023.0
587,morejón,adrián,670970,morea001,morejad01,20039,2019.0,2023.0
588,alcalá,jorge,660896,alcaj001,alcaljo01,19459,2019.0,2023.0
589,heuer,codi,676051,heuec001,heuerco01,23293,2020.0,2021.0
590,coonrod,sam,656322,coons001,coonrsa01,17264,2019.0,2023.0
591,curtiss,john,595928,curtj003,curtijo02,16128,2017.0,2023.0
592,motter,taylor,600301,mottt001,motteta01,12399,2016.0,2023.0
593,antone,tejay,622088,antot001,antonte01,16233,2020.0,2023.0
594,kirk,alejandro,672386,kirka001,kirkal01,22581,2020.0,2023.0
595,gilbert,logan,669302,gilbl002,gilbelo01,22250,2021.0,2023.0
596,garcia,luis,150193,garcl002,garcilu01,1004504,1999.0,1999.0
597,wisdom,patrick,621550,wisdp001,wisdopa01,13602,2018.0,2023.0
598,brigham,jeff,656257,brigj002,brighje01,16631,2018.0,2023.0
599,india,jonathan,663697,indij001,indiajo01,21523,2021.0,2023.0
600,vaughn,andrew,683734,vauga001,vaughan01,26197,2021.0,2023.0
601,raleigh,cal,663728,ralec001,raleica01,21534,2021.0,2023.0
602,kirby,george,669923,kirbg001,kirbyge01,25436,2022.0,2023.0
603,mantiply,joe,573009,mantj002,mantijo01,14857,2016.0,2023.0
604,peña,jeremy,665161,penaj004,penaje02,21636,2022.0,2023.0
605,mccormick,chas,676801,mccoc001,mccorch01,19599,2021.0,2023.0
606,rogers,trevor,669432,roget003,rogertr01,22286,2020.0,2023.0
607,allard,kolby,663465,allak001,allarko01,18694,2018.0,2023.0
608,peterson,david,656849,peted003,peterda01,20302,2020.0,2023.0
609,lux,gavin,666158,lux-g001,luxga01,19955,2019.0,2022.0
610,feyereisen,j. p.,656420,feyej001,feyerjo01,16610,2020.0,2022.0
611,vesia,alex,681911,vesia001,vesiaal01,25007,2020.0,2023.0
612,hilliard,sam,656541,hills005,hillisa01,17954,2019.0,2023.0
613,suarez,josé,660761,suarj001,suarejo01,19911,2019.0,2023.0
614,herget,jimmy,623474,hergj001,hergeji01,17556,2019.0,2023.0
615,tonkin,michael,543859,tonkm001,tonkimi01,10315,2013.0,2023.0
616,wright,kyle,657140,wrigk001,wrighky01,19665,2018.0,2023.0
617,quijada,josé,650671,quijj001,quijajo01,19200,2019.0,2023.0
618,crismatt,nabil,622503,crisn001,crismna01,17732,2020.0,2023.0
619,schreiber,john,670167,schrj001,schrejo01,20020,2019.0,2023.0
620,de los santos,enyel,660853,deloe001,delosen01,18403,2018.0,2023.0
621,ynoa,huascar,660623,ynoah001,ynoahu01,20468,2019.0,2022.0
622,viloria,meibrys,650619,vilom001,vilorme01,17109,2018.0,2023.0
623,zastryzny,rob,642239,zastr001,zastrro01,15094,2016.0,2023.0
624,chisholm,jazz,665862,chisj001,chishja01,20454,2020.0,2023.0
625,bohm,alec,664761,bohma001,bohmal01,21618,2020.0,2023.0
626,garcía,adolis,666969,garca005,garciad02,19287,2018.0,2023.0
627,ginkel,kevin,656464,ginkk001,ginkeke01,19876,2019.0,2023.0
628,witt,bobby,677951,wittb002,wittbo02,25764,2022.0,2023.0
629,heim,jonah,641680,heimj001,heimjo01,16930,2020.0,2023.0
630,manoah,alek,666201,manoa001,manoaal01,26410,2021.0,2023.0
631,abreu,bryan,650556,abreb002,abreubr01,16609,2019.0,2023.0
632,bednar,david,670280,bednd001,bednada01,19569,2019.0,2023.0
633,nelson,nick,656793,nelsn001,nelsoni01,20153,2020.0,2023.0
634,crowe,wil,640444,croww001,crowewi01,19800,2020.0,2023.0
635,alzolay,adbert,640470,alzoa001,alzolad01,17859,2019.0,2023.0
636,skubal,tarik,669373,skubt001,skubata01,22267,2020.0,2023.0
637,white,mitch,669952,whitm004,whitemi03,19225,2020.0,2023.0
638,dunning,dane,641540,dunnd001,dunnida01,19409,2020.0,2023.0
639,burke,brock,656271,burkb001,burkebr01,17968,2019.0,2023.0
640,effross,scott,664123,effrs001,effrosc01,18384,2021.0,2022.0
641,carlson,dylan,666185,carld002,carlsdy01,20126,2020.0,2023.0
642,pop,zach,647315,pop-z001,popza01,20185,2021.0,2023.0
643,cabrera,oswaldo,665828,cabro002,cabreos01,21707,2022.0,2023.0
644,jeffers,ryan,680777,jeffr002,jeffery01,24618,2020.0,2023.0
645,stubbs,garrett,596117,stubg001,stubbga01,18067,2019.0,2023.0
646,olivares,edward,658668,olive001,olivaed02,19698,2020.0,2023.0
647,schmidt,clarke,657376,schmc002,schmicl01,19899,2020.0,2023.0
648,haase,eric,606992,haase001,haaseer01,14111,2018.0,2023.0
649,pérez,carlos,542208,perec003,perezca02,10642,2015.0,2023.0
650,fraley,jake,641584,fralj001,fraleja01,19260,2019.0,2023.0
651,stephenson,tyler,663886,stept001,stephty01,17988,2020.0,2023.0
652,steele,justin,657006,steej002,steelju01,17312,2021.0,2023.0
653,bickford,phil,641360,bickp001,bickfph01,18519,2020.0,2023.0
654,thompson,keegan,624522,thomk002,thompke02,19795,2021.0,2023.0
655,houck,tanner,656557,houct001,houckta01,19879,2020.0,2023.0
656,rodriguez,chris,669735,rodrc002,rodrich01,22310,2021.0,2021.0
657,wantz,andrew,681806,wanta001,wantzan01,24933,2021.0,2023.0
658,detmers,reid,672282,detmr001,detmere01,27468,2021.0,2023.0
659,davidson,tucker,656353,davit005,davidtu01,19871,2020.0,2023.0
660,thaiss,matt,642136,thaim001,thaisma01,19318,2019.0,2023.0
661,marinaccio,ron,676760,marir001,marinro01,23488,2022.0,2023.0
662,woodford,jake,663765,woodj003,woodfja01,18674,2020.0,2023.0
663,mckenzie,triston,663474,mcket001,mckentr01,18000,2020.0,2023.0
664,okert,steven,595345,okers001,okertst01,13580,2016.0,2023.0
665,contreras,william,661388,contw002,contrwi02,20503,2020.0,2023.0
666,brogdon,connor,641401,brogc001,brogdco01,21205,2020.0,2023.0
667,abreu,albert,656061,abrea001,abreual01,17485,2020.0,2023.0
668,garcia,luis,150193,garcl002,garcilu01,1004504,1999.0,1999.0
669,perdomo,geraldo,672695,perdg001,perdoge01,22799,2021.0,2023.0
670,bender,anthony,669622,benda001,bendean01,19742,2021.0,2022.0
671,mountcastle,ryan,663624,mounr001,mountry01,18373,2020.0,2023.0
672,sánchez,jesús,133260,sancj001,sanchje01,1476,1998.0,2004.0
673,irvin,cole,608344,irvic001,irvinco01,19244,2019.0,2023.0
674,merryweather,julian,657240,merrj001,merryju01,16703,2020.0,2023.0
675,mcclanahan,shane,663556,mccls003,mcclash01,21483,2021.0,2023.0
676,rucker,michael,621074,ruckm001,ruckemi01,19454,2021.0,2023.0
677,otto,glenn,657248,ottog001,ottogl01,21366,2021.0,2023.0
678,puk,a. j.,640462,puk-a001,pukaj01,19343,2019.0,2023.0
679,de la cruz,bryan,650559,delab001,delacbr01,19600,2021.0,2023.0
680,kirilloff,alex,666135,kiria001,kirilal01,20325,2021.0,2023.0
681,mccarthy,jake,664983,mccaj003,mccarja02,21622,2021.0,2023.0
682,taylor,tyrone,621438,taylt002,tayloty01,13675,2019.0,2023.0
683,gordon,nick,624503,gordn001,gordoni01,16337,2021.0,2023.0
684,thomas,alek,677950,thoma004,thomaal01,23792,2022.0,2023.0
685,paredes,isaac,670623,parei001,paredis01,20036,2020.0,2023.0
686,joe,connor,656582,joe-c001,joeco01,16572,2019.0,2023.0
687,lambert,jimmy,669424,lambj003,lambeji01,19541,2020.0,2023.0
688,bart,joey,663698,bartj003,bartjo01,21524,2020.0,2023.0
689,oviedo,johan,670912,oviej001,oviedjo01,22487,2020.0,2023.0
690,gonzalez,luis,114935,gonzl001,gonzalu01,55,1990.0,2008.0
691,sheets,gavin,657757,sheeg001,sheetga01,19901,2021.0,2023.0
692,doval,camilo,666808,dovac001,dovalca01,21992,2021.0,2023.0
693,tapia,domingo,593619,tapid001,tapiado01,12178,2020.0,2023.0
694,urías,ramón,602104,uriar001,uriasra01,18795,2020.0,2023.0
695,mckinstry,zach,656716,mckiz001,mckinza01,19392,2020.0,2023.0
696,marsh,brandon,669016,marsb002,marshbr02,20202,2021.0,2023.0
697,stott,bryson,681082,stotb001,stottbr01,26294,2022.0,2023.0
698,mize,casey,663554,mizec001,mizeca01,20492,2020.0,2022.0
699,foster,matt,641582,fostm001,fostema01,19647,2020.0,2022.0
700,rutschman,adley,668939,rutsa001,rutscad01,26288,2022.0,2023.0
701,larnach,trevor,663616,larnt001,larnatr01,21501,2021.0,2023.0
702,howard,spencer,675921,howas003,howarsp01,23252,2020.0,2023.0
703,sborz,josh,622250,sborj002,sborzjo01,18323,2019.0,2023.0
704,taveras,leody,665750,tavel001,taverle01,18900,2020.0,2023.0
705,kieboom,carter,666198,kiebc001,kieboca01,19958,2019.0,2023.0
706,jax,griffin,643377,jax-g001,jaxgr01,20253,2021.0,2023.0
707,crochet,garrett,676979,crocg001,crochga01,27463,2020.0,2023.0
708,falter,bailey,663559,faltb001,falteba01,20070,2021.0,2023.0
709,wilson,bryse,669060,wilsb003,wilsobr02,19990,2018.0,2023.0
710,ridings,stephen,670050,ridis001,ridinst01,22358,2021.0,2021.0
711,alexander,jason,669920,alexj001,alexaja01,19666,2022.0,2022.0
712,pérez,cionel,672335,perec004,perezci01,19614,2018.0,2023.0
713,wells,tyler,669330,wellt003,wellsty01,20000,2021.0,2023.0
714,nootbaar,lars,663457,nootl001,nootbla01,21454,2021.0,2023.0
715,zavala,seby,664874,zavas001,zavalse01,18887,2019.0,2023.0
716,meyers,jake,676694,meyej002,meyerja02,20308,2021.0,2023.0
717,garrett,braxton,666129,garrb001,garrebr01,21844,2020.0,2023.0
718,bautista,félix,642585,bautf001,bautife01,20666,2022.0,2023.0
719,coleman,dylan,669395,coled003,colemdy01,22276,2021.0,2023.0
720,siri,josé,642350,sirij001,sirijo01,17452,2021.0,2023.0
721,celestino,gilberto,665482,celeg001,celesgi01,20233,2021.0,2022.0
722,kremer,dean,665152,kremd001,kremede01,19350,2020.0,2023.0
723,akin,keegan,669211,akink001,akinke01,19362,2020.0,2023.0
724,miller,owen,680911,millo002,milleow01,24655,2021.0,2023.0
725,cabrera,edward,665795,cabre003,cabreed02,21690,2021.0,2023.0
726,payamps,joel,606303,payaj001,payamjo01,14332,2019.0,2023.0
727,hernández,carlos,672578,hernc006,hernaca04,22713,2020.0,2023.0
728,lynch,daniel,663738,lyncd001,lynchda02,21537,2021.0,2023.0
729,ryan,joe,657746,ryanj002,ryanjo04,21390,2021.0,2023.0
730,hentges,sam,656529,hents001,hentgsa01,18548,2021.0,2023.0
731,martinez,seth,661527,marts003,martise01,21045,2021.0,2023.0
732,castillo,josé,620454,castj007,castijo03,17169,2018.0,2023.0
733,brown,seth,664913,brows003,brownse01,18171,2019.0,2023.0
734,daza,yonathan,602074,dazay001,dazayo01,15794,2019.0,2023.0
735,kaprielian,james,621076,kaprj001,kaprija01,18331,2020.0,2023.0
736,gutiérrez,vladimir,661269,gutiv001,gutievl01,19278,2021.0,2022.0
737,santillan,tony,663574,santt001,santito01,19926,2021.0,2023.0
738,rortvedt,ben,666163,rortb001,rortvbe01,20287,2021.0,2023.0
739,barrero,josé,676480,garcj007,garcijo02,23378,2020.0,2023.0
740,gibaut,ian,664139,gibai001,gibauia01,17871,2019.0,2023.0
741,gray,josiah,680686,grayj004,grayjo03,24580,2021.0,2023.0
742,kuhnel,joel,669270,kuhnj001,kuhnejo01,19995,2019.0,2023.0
743,overton,connor,656818,overc001,overtco01,18376,2021.0,2023.0
744,díaz,alexis,664747,diaza004,diazal03,21132,2022.0,2023.0
745,greene,hunter,668881,greeh001,greenhu01,22182,2022.0,2023.0
746,lodolo,nick,666157,lodon001,lodolni01,26378,2022.0,2023.0
747,nogosek,stephen,668665,nogos001,nogosst01,19545,2019.0,2023.0
748,lee,dylan,669276,lee-d005,leedy01,19996,2021.0,2023.0
749,fortes,nick,663743,fortn001,forteni01,21538,2021.0,2023.0
750,crawford,kutter,676710,crawk001,crawfku01,20531,2021.0,2023.0
751,marte,josé,665896,martj010,martejo01,21761,2021.0,2023.0
752,o'hoppe,logan,681351,ohopl001,ohopplo01,24729,2022.0,2023.0
753,daniel,davis,669721,danid001,danieda01,27582,2023.0,2023.0
754,nance,tommy,667297,nanct001,nanceto01,19178,2021.0,2022.0
755,bello,brayan,678394,bellb002,bellobr01,23920,2022.0,2023.0
756,kelenic,jarred,672284,kelej001,kelenja01,22558,2021.0,2023.0
757,manning,matt,666159,mannm001,mannima02,20369,2021.0,2023.0
758,baker,bryan,641329,bakeb001,bakerbr01,19804,2021.0,2023.0
759,nelson,kyle,669459,nelsk001,nelsoky01,20515,2020.0,2023.0
760,adams,riley,656180,adamr004,adamsri03,19864,2021.0,2023.0
761,naughton,packy,676050,naugp001,naughpa01,23292,2021.0,2023.0
762,pallante,andre,669467,palla001,pallaan01,26108,2022.0,2023.0
763,donovan,brendan,680977,donob001,donovbr01,24679,2022.0,2023.0
764,florial,estevan,664314,flore001,flories01,19151,2020.0,2023.0
765,martin,corbin,656686,martc009,martico02,19884,2019.0,2022.0
766,bradish,kyle,680694,bradk001,bradiky01,24586,2022.0,2023.0
767,hughes,brandon,676714,hughb002,hughebr01,23460,2022.0,2023.0
768,miranda,josé,669304,miraj002,miranjo01,20538,2022.0,2023.0
769,greene,riley,682985,greer003,greenri03,25976,2022.0,2023.0
770,walls,taylor,670764,wallt003,wallsta01,22458,2021.0,2023.0
771,weathers,ryan,677960,weatr001,weathry01,23796,2021.0,2023.0
772,isbel,kyle,664728,isbek001,isbelky01,21614,2021.0,2023.0
773,mills,wyatt,670090,millw002,millswy01,20010,2021.0,2022.0
774,kwan,steven,680757,kwans001,kwanst01,24610,2022.0,2023.0
775,vierling,matt,663837,vierm001,vierlma01,21558,2021.0,2023.0
776,lewis,royce,668904,lewir003,lewisro02,20437,2022.0,2023.0
777,smith,josh,605479,smitj006,smithjo08,13629,2019.0,2020.0
778,fleming,josh,676596,flemj001,flemijo01,20418,2020.0,2023.0
779,morgan,eli,669212,morge001,morgael01,20203,2021.0,2023.0
780,murfee,penn,682171,murfp001,murfepe01,25174,2022.0,2023.0
781,gorman,nolan,669357,gormn001,gormano01,22263,2022.0,2023.0
782,trammell,taylor,666211,tramt001,trammta01,19960,2021.0,2023.0
783,haggerty,sam,664059,haggs001,haggesa01,18054,2019.0,2023.0
784,maton,nick,665155,maton001,matonni01,21635,2021.0,2023.0
785,melendez,mj,669004,melem001,melenmj01,22197,2022.0,2023.0
786,wilson,steven,621051,wilss002,wilsost02,20353,2022.0,2023.0
787,strzelecki,peter,657265,strzp001,strzepe01,21367,2022.0,2023.0
788,foley,jason,671345,folej001,foleyja01,19531,2021.0,2023.0
789,morán,jovani,663558,moraj003,moranjo01,20422,2021.0,2023.0
790,rogers,jake,668670,rogej004,rogerja03,19452,2019.0,2023.0
791,sandlin,nick,680704,sandn001,sandlni01,20517,2021.0,2023.0
792,lange,alex,656638,langa001,langeal01,19883,2021.0,2023.0
793,cuas,josé,621016,cuasj001,cuasjo01,17701,2022.0,2023.0
794,mckenna,ryan,663630,mcker001,mckenry01,19928,2021.0,2023.0
795,brash,matt,666374,brasm001,brashma01,25756,2022.0,2023.0
796,winder,josh,680739,windj002,windejo01,24606,2022.0,2023.0
797,pasquantino,vinnie,686469,pasqv001,pasquvi01,27676,2022.0,2023.0
798,marte,yunior,628708,marty001,marteyu01,14416,2022.0,2023.0
799,festa,matt,670036,festm001,festama01,19330,2018.0,2023.0
800,cleavinger,garrett,664076,cleag001,cleavga01,17897,2020.0,2023.0
801,gilbreath,lucas,656458,gilbl001,gilbrlu01,21290,2021.0,2022.0
802,moll,sam,594580,molls001,mollsa01,14874,2017.0,2023.0
803,rooker,brent,667670,rookb001,rookebr01,19627,2020.0,2023.0
804,acevedo,domingo,642758,acevd001,acevedo01,17092,2021.0,2023.0
805,jiménez,dany,666204,jimed002,jimenda01,21170,2020.0,2023.0
806,snead,kirby,669912,sneak001,sneadki01,19179,2021.0,2023.0
807,jackson,zach,667427,jackz002,jacksza02,19493,2022.0,2023.0
808,lollis,ryan,489067,lollr001,lolliry01,6623,2015.0,2015.0
809,honeywell,brent,641703,honeb001,honeybr01,16466,2021.0,2023.0
810,kranick,max,668820,kranm001,kranima01,22175,2021.0,2022.0
811,holderman,colin,670059,holdc001,holdeco01,22361,2022.0,2023.0
812,castro,rodolfo,666801,castr006,castrro01,21987,2021.0,2023.0
813,moreta,dauri,664294,mored002,moretda01,21101,2021.0,2023.0
814,sánchez,cristopher,650911,sancc002,sanchcr01,20778,2021.0,2023.0
815,suwinski,jack,669261,suwij001,suwinja01,22244,2022.0,2023.0
816,smith-njigba,canaan,675986,smitc008,smithca05,23264,2022.0,2023.0
817,contreras,roansy,672710,contr001,contrro01,22810,2021.0,2023.0
818,thompson,zack,668868,thomz002,thompza02,25918,2022.0,2023.0
819,brown,hunter,686613,browh001,brownhu01,25880,2022.0,2023.0
820,bae,ji hwan,678225,bae-j001,baeji01,23818,2022.0,2023.0
821,guerra,javy,642770,guerj004,guerrja02,17292,2018.0,2023.0
822,hall,darick,669742,halld003,hallda02,19717,2022.0,2023.0
823,thompson,mason,666168,thomm005,thompma02,21850,2021.0,2023.0
824,brieske,beau,689225,brieb001,briesbe01,26079,2022.0,2023.0
825,thompson,bubba,669352,thomb003,thompbu01,22261,2022.0,2023.0
826,herrera,josé,645444,herrj003,herrejo04,17040,2022.0,2023.0
827,mitchell,garrett,669003,mitcg001,mitchga01,27555,2022.0,2023.0
828,abrams,cj,682928,abrac001,abramcj01,25768,2022.0,2023.0
829,duran,ezequiel,677649,durae002,duranez01,23733,2022.0,2023.0
830,ragans,cole,666142,ragac001,raganco01,21846,2022.0,2023.0
831,brazobán,huascar,623211,brazh001,brazohu01,6107,2022.0,2023.0
832,hummel,cooper,669450,hummc001,hummeco01,19458,2022.0,2023.0
833,villar,david,681584,villd001,villada01,24782,2022.0,2023.0
834,szapucki,thomas,663378,szapt001,szaputh01,21065,2021.0,2022.0
835,azocar,josé,640492,azocj001,azocajo01,18821,2022.0,2023.0
836,carpenter,kerry,681481,carpk001,carpeke01,25961,2022.0,2023.0
837,sands,cole,663485,sandc001,sandsco01,21461,2022.0,2023.0
838,baz,shane,669358,baz-s001,bazsh01,22264,2021.0,2022.0
839,jameson,drey,686753,jamed003,jamesdr01,26260,2022.0,2023.0
840,marchán,rafael,665561,marcr001,marchra01,21646,2020.0,2021.0
841,vasquez,andrew,607755,vasqa002,vasquan02,19482,2018.0,2023.0
842,kelly,zack,677161,kellz001,kellyza01,20349,2022.0,2023.0
843,casas,triston,671213,casat001,casastr01,22514,2022.0,2023.0
844,wentz,joey,666214,wentj001,wentzjo01,19962,2022.0,2023.0
845,gil,luis,661563,gil-l001,gillu01,21052,2021.0,2022.0
846,gore,mackenzie,669022,gorem001,gorema01,22201,2022.0,2023.0
847,meneses,joey,608841,menej001,menesjo01,14366,2022.0,2023.0
848,lowe,josh,666139,lowej002,lowejo01,19953,2021.0,2023.0
849,henderson,gunnar,683002,hendg002,hendegu01,26289,2022.0,2023.0
850,torkelson,spencer,679529,torks001,torkesp01,27465,2022.0,2023.0
851,nevin,tyler,663527,nevit001,nevinty01,17893,2021.0,2023.0
852,gonzalez,romy,663853,gonzr003,gonzaro01,21562,2021.0,2023.0
853,nardi,andrew,677053,narda001,nardian01,25942,2022.0,2023.0
854,massey,michael,686681,massm001,massemi02,27684,2022.0,2023.0
855,campusano,luis,669134,campl002,campulu01,22217,2020.0,2023.0
856,nelson,ryne,669194,nelsr003,nelsory01,26253,2022.0,2023.0
857,gonzález,oscar,660757,gonzo001,gonzaos01,20970,2022.0,2023.0
858,hensley,david,682073,hensd002,henslda01,25111,2022.0,2023.0
859,sanmartin,reiver,665665,sanmr001,sanmare01,19754,2021.0,2023.0
860,ashcraft,graham,668933,ashcg001,ashcrgr01,27552,2022.0,2023.0
861,fairchild,stuart,656413,fairs001,faircst01,20321,2021.0,2023.0
862,friedl,tj,670770,friet001,friedtj01,19522,2021.0,2023.0
863,moreno,gabriel,672515,moreg001,morenga01,22664,2022.0,2023.0
864,vargas,miguel,678246,vargm001,vargami01,20178,2022.0,2023.0
865,jackson,andre,656578,jacka003,jacksan01,21298,2021.0,2023.0
866,montes de oca,bryce,656755,montb001,montebr01,21319,2022.0,2022.0
867,guthrie,dalton,656495,guthd001,guthrda01,21293,2022.0,2023.0
868,grove,michael,675627,grovm001,grovemi01,23221,2022.0,2023.0
869,pepiot,ryan,686752,pepir001,pepiory01,26221,2022.0,2023.0
870,outman,james,681546,outmj002,outmaja01,24770,2022.0,2023.0
871,waters,drew,671221,wated001,waterdr01,20505,2022.0,2023.0
872,raley,luke,670042,ralel001,raleylu01,19354,2021.0,2023.0
873,hill,garrett,682051,hillg002,hillga02,25097,2022.0,2023.0
874,baumann,mike,657508,baumm001,baumami01,20206,2021.0,2023.0
875,eaton,nate,681987,eaton001,eatonna01,25055,2022.0,2023.0
876,stowers,kyle,669065,stowk001,stoweky01,26151,2022.0,2023.0
877,vavra,terrin,679631,vavrt001,vavrate01,24400,2022.0,2023.0
878,lawrence,justin,664875,lawrj002,lawreju01,17639,2021.0,2023.0
879,feltner,ryan,663372,feltr001,feltnry01,21446,2021.0,2023.0
880,serven,brian,661531,servb001,servebr01,19422,2022.0,2023.0
881,trejo,alan,676701,treja001,trejoal01,20056,2021.0,2023.0
882,bird,jake,656234,birdj001,birdja01,21267,2022.0,2023.0
883,montero,elehuris,660707,monte001,monteel01,20543,2022.0,2023.0
884,wong,connor,657136,wongc001,wongco01,19896,2021.0,2023.0
885,winckowski,josh,670174,wincj001,winckjo01,22387,2022.0,2023.0
886,ort,kaleb,672391,ort-k001,ortka01,20061,2021.0,2023.0
887,bouchard,sean,656248,boucs001,bouchse01,21270,2022.0,2023.0
888,seabold,connor,657756,seabc001,seaboco01,19695,2021.0,2023.0
889,tovar,ezequiel,678662,tovae001,tovarez01,24064,2022.0,2023.0
890,call,alex,669743,calla002,callal02,19296,2022.0,2023.0
891,mushinski,parker,656786,mushp001,mushipa01,21324,2022.0,2023.0
892,kreidler,ryan,668952,kreir001,kreidry01,25867,2022.0,2023.0
893,meyer,max,676974,meyem001,meyerma01,27474,2022.0,2022.0
894,faucher,calvin,676534,faucc001,fauchca01,20116,2022.0,2023.0
895,assad,javier,665871,assaj001,assadja01,21741,2022.0,2023.0
896,wesneski,hayden,669713,wesnh001,wesneha01,27581,2022.0,2023.0
897,jung,josh,673962,jungj001,jungjo01,26299,2022.0,2023.0
898,burleson,alec,676475,burla001,burleal01,27615,2022.0,2023.0
899,zerpa,angel,672582,zerpa001,zerpaan01,22717,2021.0,2023.0
900,gillaspie,logan,670810,gilll001,gillalo01,22461,2022.0,2023.0
901,blanco,ronel,669854,blanr001,blancro01,19407,2022.0,2023.0
902,roberts,ethan,681799,robee001,roberet01,24930,2022.0,2022.0
903,vargas,carlos,672841,vargc003,vargaca01,22915,2023.0,2023.0
904,henriquez,ronny,678692,henrr001,henriro01,24094,2022.0,2022.0
905,mastrobuoni,miles,670156,mastm001,mastrmi01,20017,2022.0,2023.0
906,rosario,eguy,666703,rosae002,rosareg01,19964,2022.0,2023.0
907,rodríguez,wilking,516853,rodrw003,rodriwi02,8801,2014.0,2014.0
908,diaz,yainer,673237,diazy004,diazya02,23003,2022.0,2023.0
909,morris,cody,663752,morrc001,morrico01,25388,2022.0,2023.0
910,cavalli,cade,676917,cavac001,cavalca01,27473,2022.0,2022.0
911,pineda,israel,672832,pinei001,pinedis01,22906,2022.0,2022.0
912,gaddis,hunter,683769,gaddh001,gaddihu01,25636,2022.0,2023.0
913,arias,gabriel,672356,ariag002,ariasga01,22563,2022.0,2023.0
914,brennan,will,686823,brenw002,brennwi02,25660,2022.0,2023.0
915,curry,xzavion,675540,currx001,curryxz01,25595,2022.0,2023.0
916,cordero,jimmy,622772,cordj001,cordeji01,15690,2018.0,2023.0
917,durán,jhoan,661395,duraj002,duranjh01,21029,2022.0,2023.0
918,oller,adam,670124,ollea001,ollerad01,20132,2022.0,2023.0
919,allen,nick,110139,allen101,allenni01,1000155,1914.0,1920.0
920,cruz,oneil,665833,cruzo001,cruzon01,21711,2021.0,2023.0
921,delay,jason,641511,delaj004,delayja01,19806,2022.0,2023.0
922,sears,jp,676664,searj001,searsjp01,23429,2022.0,2023.0
923,benson,will,666181,bensw001,bensowi01,21853,2022.0,2023.0
924,santos,gregory,666619,santg001,santogr01,21894,2021.0,2023.0
925,martinez,adrián,661309,marta006,martiad01,21023,2022.0,2023.0
926,langeliers,shea,669127,langs001,langesh01,25816,2022.0,2023.0
927,muller,kyle,666205,mullk001,mulleky01,20167,2021.0,2023.0
928,capel,conner,668843,capec001,capelco01,19983,2022.0,2023.0
929,cruz,fernando,518585,cruzf002,cruzfe01,7048,2022.0,2023.0
930,steer,spencer,668715,stees001,steersp01,26323,2022.0,2023.0
931,waldichuk,ken,686610,waldk003,waldike01,27681,2022.0,2023.0
932,ruiz,esteury,665923,ruize001,ruizes01,21780,2022.0,2023.0
933,tarnok,freddy,676206,tarnf001,tarnofr01,23324,2022.0,2023.0
934,brito,jhony,666745,britj003,britojh01,25386,2023.0,2023.0
935,colás,oscar,693049,colao001,colasos01,30162,2023.0,2023.0
936,englert,mason,669438,englm001,englema01,22288,2023.0,2023.0
937,enright,jack,113860,enrij101,enrigja01,1003789,1917.0,1917.0
938,harris,hobie,665048,harrh001,harriho02,18615,2023.0,2023.0
939,hernandez,elier,609274,herne003,hernael02,13750,2022.0,2022.0
940,hernandez,jose,669796,hernj005,hernajo03,22318,2023.0,2023.0
941,herrin,tim,682120,herrt002,herriti01,25139,2023.0,2023.0
942,julks,corey,667452,julkc001,julksco01,20311,2023.0,2023.0
943,kelly,kevin,687330,kellk004,kellyke02,25679,2023.0,2023.0
944,lukes,nathan,664770,luken001,lukesna01,18123,2023.0,2023.0
945,noda,ryan,676116,nodar001,nodary01,23312,2023.0,2023.0
946,sanchez,freddy,408108,sancf001,sanchfr01,1624,2002.0,2011.0
947,sabol,blake,666165,sabob001,sabolbl01,25805,2023.0,2023.0
948,salazar,césar,663967,salac001,salazce01,21587,2023.0,2023.0
949,shuster,jared,694363,shusj001,shustja01,27472,2023.0,2023.0
950,young,norman,-1,,youngno01,-1,1944.0,1944.0
951,turang,brice,668930,turab002,turanbr02,22186,2023.0,2023.0
952,varland,gus,681402,varlg001,varlagu01,24737,2023.0,2023.0
953,volpe,anthony,683011,volpa001,volpean01,27647,2023.0,2023.0
954,walker,jordan,691023,walkj003,walkejo02,27475,2023.0,2023.0
955,ward,thaddeus,663658,wardt003,wardth01,21513,2023.0,2023.0
956,wisely,brett,689172,wiseb001,wiselbr01,27735,2023.0,2023.0
